f1,accuracy,brier_score,roc_auc
0.5655881492747741,0.5583596214511041,0.23961104818774528,0.5481793122533355
