f1,accuracy,brier_score,roc_auc
0.518038136784633,0.5231486171613818,0.24957492760405092,0.5183809669492445
