f1,accuracy,brier_score,roc_auc
0.4540401940707103,0.5159043112513144,0.2498386905279241,0.5073885920073065
