f1,accuracy,brier_score,roc_auc
0.9753730474981473,0.9762313860252004,0.021005816119818423,0.9777188346883469
