f1,accuracy,brier_score,roc_auc
0.4958789287538681,0.49592534174553105,0.24988985524591498,0.5157635758363823
