f1,accuracy,brier_score,roc_auc
0.5778212454898537,0.5736067297581493,0.22234081945477782,0.6316776240616468
