f1,accuracy,brier_score,roc_auc
0.49784955881871856,0.49321766561514196,0.2878698591820478,0.5504082585256856
