f1,accuracy,brier_score,roc_auc
0.4326961427030481,0.5190963428224091,0.2710617612074527,0.5957756006013415
