f1,accuracy,brier_score,roc_auc
0.7252842268697094,0.7164306640625,0.18735368686360443,0.7887195260113409
