f1,accuracy,brier_score,roc_auc
0.34511845638907274,0.4902238881572282,0.2496052043112532,0.5283168359173254
