f1,accuracy,brier_score,roc_auc
0.666034463757225,0.65625,0.1976263796482605,0.6894163875760707
