f1,accuracy,brier_score,roc_auc
0.5655881492747741,0.5583596214511041,0.2435158234774223,0.5340568266205942
