f1,accuracy,brier_score,roc_auc
0.49796614662679867,0.5011829652996845,0.25042487005099334,0.4926838316189389
