f1,accuracy,brier_score,roc_auc
0.18380754043674843,0.34957939011566774,0.22799483388820233,0.4683973052369298
