f1,accuracy,brier_score,roc_auc
0.1823573768257495,0.3498422712933754,0.2279948338887444,0.4763263233940719
