f1,accuracy,brier_score,roc_auc
0.3258382067849415,0.4835376354979232,0.24960520409940593,0.5314478497435746
