f1,accuracy,brier_score,roc_auc
0.4958789287538681,0.49592534174553105,0.25022564708960093,0.48996683993051765
