f1,accuracy,brier_score,roc_auc
0.3724906359117977,0.4988349711275453,0.3158994393673809,0.6262285476023646
