f1,accuracy,brier_score,roc_auc
0.33467455188383244,0.5003943217665615,0.25,0.5
