f1,accuracy,brier_score,roc_auc
0.427287507486232,0.4381103515625,0.2140855872343051,0.49155965438361754
