f1,accuracy,brier_score,roc_auc
0.9954538206912388,0.9955,0.003251221665927509,0.9970222222222223
