f1,accuracy,brier_score,roc_auc
0.666034463757225,0.65625,0.1960027878561979,0.6912740446546346
