f1,accuracy,brier_score,roc_auc
0.9754219303656494,0.9762313860252004,0.022863459335624284,0.9781673441734418
