f1,accuracy,brier_score,roc_auc
0.7299777098395648,0.7305237564583122,0.18512912572181137,0.7940442148841891
