f1,accuracy,brier_score,roc_auc
0.8364684642740806,0.8412723449001052,0.11405970031545741,0.9058461936561356
