f1,accuracy,brier_score,roc_auc
0.8743834404695495,0.8772870662460568,0.09267258149316508,0.9349145457532974
