f1,accuracy,brier_score,roc_auc
0.6574361389970439,0.6575972660357519,0.21598429284963197,0.716990168078098
