f1,accuracy,brier_score,roc_auc
0.7249558335977379,0.7255597203930706,0.1852311214669233,0.7937604856457677
