f1,accuracy,brier_score,roc_auc
0.9822899092060112,0.983,0.01826035,0.9974833333333334
