f1,accuracy,brier_score,roc_auc
0.8004422793426861,0.8099369085173501,0.14377252101182433,0.8676473405439926
