f1,accuracy,brier_score,roc_auc
0.6521760413232942,0.6523396424815984,0.21563638275499475,0.718899753814956
