f1,accuracy,brier_score,roc_auc
0.7626717966087581,0.788818359375,0.1454072998046875,0.8785344543318543
