f1,accuracy,brier_score,roc_auc
0.8366541788534574,0.8412723449001052,0.11410315983175605,0.9053912029834082
