f1,accuracy,brier_score,roc_auc
0.8346847384955219,0.8394321766561514,0.11411941114616193,0.9057392903687764
