f1,accuracy,brier_score,roc_auc
0.6534748698548107,0.6536540483701367,0.21536281545741323,0.7207671154720086
