f1,accuracy,brier_score,roc_auc
0.7618326648767919,0.7882080078125,0.14587313232421875,0.8785424944799683
