f1,accuracy,brier_score,roc_auc
0.5800339883294554,0.5807045215562566,0.24190028591227383,0.6136423099377379
