f1,accuracy,brier_score,roc_auc
0.7070240755514648,0.75830078125,0.15740081642122525,0.8758821800175937
