f1,accuracy,brier_score,roc_auc
0.7279673817654143,0.7285989261473002,0.18499331374734068,0.7943213854539832
