f1,accuracy,brier_score,roc_auc
0.721646492795691,0.722520514638841,0.1917159853650872,0.7899396191284496
