f1,accuracy,brier_score,roc_auc
0.7098867245614506,0.75927734375,0.15819544557653778,0.8739100813502882
