f1_mean,accuracy_mean,brier_score_mean,roc_auc_mean
0.49858439610770505,0.5051261829652997,0.24993104288104476,0.5072799565679383
