f1_mean,accuracy_mean,brier_score_mean,roc_auc_mean
0.48415694635155165,0.5365211224799918,0.25942716019019135,0.6106066624559603
