f1_mean,accuracy_mean,brier_score_mean,roc_auc_mean
0.45237504903426334,0.45057833859095686,0.24258954209483988,0.5367528639944781
