f1_mean,accuracy_mean,brier_score_mean,roc_auc_mean
0.63030743931115,0.61669921875,0.20084540215836114,0.6653359003333494
